Frag	HORabbr	HVar	PVar	Mon	Type	Class	Num
chr10_ABBA01020705.1	S1C10H1-B	var1	var1	1	B	J2	6
chr10_ABBA01020705.1	S1C10H1-B	var1	var1	2	A	J1	S1C10H1L.7
chr10_ABBA01020705.1	S1C10H1-B	var1	var1	3	B	J2	S1C10H1L.8
chr10_ABBA01020705.1	S1C10H1-B	var1	var1	4	A	J1	S1C10H1L.1
chr10_ABBA01020705.1	S1C10H1-B	var1	var1	5	B	J2	S1C10H1L.2
chr10_ABBA01020705.1	S1C10H1-B	var1	var1	6	A	J1	S1C10H1L.3
chr10_ABBA01020705.1	S1C10H1-B	var1	var1	7	B	J2	4
chr10_ABBA01020705.1	S1C10H1-B	var1	var1	8	A	J1	5
chr10_ABBA01020705.1	S1C10H1-B	var1	var1	9	B	J2	6
chr10_ABBA01020705.1	S1C10H1-B	var1	var1	10	A	J1	S1C10H1L.7
chr10_ABBA01020705.1	S1C10H1-B	var1	var1	11	X	J2	S1C10H1L.8
chr10_ABBA01020705.1	S1C10H1-B	var1	var1	12	A	J1	S1C10H1L.1
chr10_ABBA01020705.1	S1C10H1-B	var1	var1	13	B	J2	S1C10H1L.2
chr10_ABBA01020705.1	S1C10H1-B	var1	var1	14	A	J1	S1C10H1L.3
chr10_ABBA01020705.1	S1C10H1-B	var1	var1	15	B	J2	4
